"Mr. Adam Smith","Geometry","asmith@holycross.edu"
"Mr. Alfred Johnson","Algebra\\nGeometry","ajohnson@holycross.edu"
"Mr. Corey Beelke","Latin","cbeelke@holycross.edu"
"Mr. Edward Anderson","Physics","eanderson@holycross.edu"
"Mr. Gordon Freeman","Economics/Government\\nAccounting","gfreeman@holycross.edu"
"Mr. Henry Mathison","Music Theory\\nElectronic Music\\nChoir","hmathison@holycross.edu"
"Mr. Jason Broccardo","History","jbroccardo@holycross.edu"
"Mr. Jonathan Goodman","Bible Study","jgoodman@holycross.edu"
"Mr. Matthew Howard","Alegra II\\nPrecalculus","mhoward@holycross.edu"
"Mr. Nathan Engel","German","nengel@holycross.edu"
"Mr. Steven Florence","Tech. Ed.","sflorence@holycross.edu"
"Mrs. Ann Feldman","P.E.\\nHealth","afeldman@holycross.edu"
"Mrs. Emily Reeves","English","ereeves@holycross.edu"
"Mrs. Jill Curtis","Chemistry","jcurtis@holycross.edu"
"Mrs. Samantha Miller","Biology","smiller@holycross.edu"
"Ms. Janine Larson","Drawing\\nWater Colors\\nCeramics","jlarson@holycross.edu"
"Ms. Jennifer Smith","American Literature\\nEnglish Literature","jsmith@holycross.edu" 
"Ms. Katie Duket","French","kduket@holycross.edu"
"Ms. Kristen Forney","World History\\nAmerican History","kforney@holycross.edu"
"Ms. Tristen Terell","Geometry\\nAlgebra II","tterell@holycross.edu"
"Sra. Nina Eagan","Spanish","neagan@holycross.edu"
